cert_num, spec_num,card_num,variation,date,item,grade,total_pop,total_pop_higher
20765405,101720010,1,,1972,PIRATES TEAM,8,282,83
25087356,101720020,2,,1972,RAY CULP,8,106,37
20797510,101720030,3,,1972,BOB TOLAN,8,146,84
25339815,101720040,4,,1972,CHECKLIST 1-132,8,163,36
20593332,101720050,5,,1972,JOHN BATEMAN,8,111,50
14101385,101720060,6,,1972,FRED SCHERMAN,9,71,7
15483765,101720070,7,,1972,ENZO HERNANDEZ,8.5,6,55
40587791,101720080,8,,1972,RON SWOBODA,8,110,52
30776992,101720090,9,,1972,STAN WILLIAMS,8,143,58
16268864,101720100,10,,1972,AMOS OTIS,8,167,106
19924988,101720110,11,,1972,BOBBY VALENTINE,8,176,91
30870391,101720120,12,,1972,JOSE CARDENAL,8,130,62
21750060,101720130,13,,1972,JOE GRZENDA,8.5,5,51
19448615,101720140,14,,1972,72 PHILLIE ROOKIES,8.5,7,44
21197532,101720150,15,,1972,WALT WILLIAMS,8,137,77
21849718,101720160,16,,1972,MIKE JORGENSON,8,129,48
9152395,101720170,17,,1972,DAVE DUNCAN,8,136,69
40900610,101720180,18,18A,1972,"JUAN PIZARRO GREEN UNDER ""C"" AND ""S""",8,53,18
23654573,101720181,18,18B,1972,"JUAN PIZARRO YELLOW UNDER ""C"" AND ""S""",8,138,69
25520666,101720190,19,,1972,BILLY COWAN,8,147,105
12117259,101720200,20,,1972,DON WILSON,8,162,106
25520672,101720210,21,,1972,BRAVES TEAM,8,235,106
6375221,101720220,22,,1972,ROB GARDNER,8,95,39
14175683,101720230,23,,1972,TED KUBIAK,8,149,74
17272669,101720240,24,,1972,TED FORD,8,121,62
20040327,101720250,25,,1972,BILL SINGER,8,163,82
25520667,101720260,26,,1972,ANDY ETCHEBARREN,8,148,71
11731263,101720270,27,,1972,BOB JOHNSON,9,60,7
22292465,101720280,28,,1972,72 TWINS ROOKIES,8,200,84
21602851,101720290,29,29A,1972,"BILL BONHAM GREEN UNDER ""C"" AND ""S""",8,57,11
31270636,101720291,29,29B,1972,"BILL BONHAM YELLOW UNDER ""C"" AND ""S""",8,129,79
12143067,101720300,30,,1972,RICO PETROCELLI,9,86,11
30221872,101720310,31,,1972,CLEON JONES,9,100,6
25977907,101720320,32,,1972,CLEON JONES IA,8,115,25
16421484,101720330,33,,1972,BILLY MARTIN,8,180,50
17217406,101720340,34,,1972,BILLY MARTIN IA,8,179,56
14532885,101720350,35,,1972,JERRY JOHNSON,8,156,102
11604876,101720360,36,,1972,JERRY JOHNSON IA,8,106,30
24355126,101720370,37,,1972,CARL YASTRZEMSKI,8,772,254
19374443,101720380,38,,1972,CARL YASTRZEMSKI IA,8,424,153
19961284,101720390,39,,1972,BOB BARTON,8.5,6,55
90347369,101720400,40,,1972,BOB BARTON IA,8,66,19
15888590,101720410,41,,1972,TOMMY DAVIS,8,148,69
17733521,101720420,42,,1972,TOMMY DAVIS IA,8,166,80
15691689,101720430,43,,1972,RICK WISE,8,142,95
15286581,101720440,44,,1972,RICK WISE IA,8,88,43
24627901,101720450,45,45A,1972,"GLENN BECKERT GREEN UNDER ""C"" AND ""S""",8,63,28
7300731,101720451,45,45B,1972,"GLENN BECKERT YELLOW UNDER ""C"" AND ""S""",8,157,80
25436605,101720460,46,,1972,GLENN BECKERT IA,8,133,61
16168447,101720470,47,,1972,JOHN ELLIS,8,124,57
25339813,101720480,48,,1972,JOHN ELLIS IA,8,92,30
1560477,101720490,49,,1972,WILLIE MAYS,8,1327,334
40270863,101720500,50,,1972,WILLIE MAYS IA,8,211,41
4371267,101720510,51,,1972,HARMON KILLEBREW,8,622,218
21858414,101720520,52,,1972,HARMON KILLEBREW IA,8,190,59
18808523,101720530,53,,1972,BUD HARRELSON,9,78,10
18703512,101720540,54,,1972,BUD HARRELSON IA,8,123,61
24999830,101720550,55,,1972,CLYDE WRIGHT,8,97,56
14140497,101720560,56,,1972,RICH CHILES,8,133,81
14344585,101720570,57,,1972,BOB OLIVER,8,158,78
17702043,101720580,58,,1972,ERNIE MCANALLY,9,111,18
24854828,101720590,59,,1972,FRED STANLEY,8,153,87
21455917,101720600,60,,1972,MANNY SANGUILLEN,8,205,109
18906672,101720610,61,,1972,CUBS ROOKIES,8,175,75
12274965,101720620,62,,1972,ANGEL MANGUAL,8,137,94
17673704,101720630,63,,1972,DUKE SIMS,8.5,12,104
20449103,101720640,64,,1972,PETE BROBERG,9,70,14
30005324,101720650,65,,1972,CESAR CEDENO,8,159,83
12143065,101720660,66,,1972,RAY CORBIN,9,98,12
21845669,101720670,67,,1972,RED SHOENDIENST,8,158,78
31100240,101720680,68,,1972,JIM YORK,8,159,92
17701749,101720690,69,,1972,ROGER FREED,8,130,36
25520668,101720700,70,,1972,MIKE CUELLAR,8,131,75
25354201,101720710,71,,1972,ANGELS TEAM,8,179,103
21753191,101720720,72,,1972,BRUCE KISON,8,163,98
22038648,101720730,73,,1972,STEVE HUNTZ,8,141,93
18995072,101720740,74,,1972,CECIL UPSHAW,9,64,8
90317170,101720750,75,,1972,BERT CAMPANERIS,8,152,62
20445906,101720760,76,,1972,DON CARRITHERS,9,56,0
90317112,101720770,77,,1972,RON THEOBALD,8,138,99
16268843,101720780,78,,1972,STEVE ARLIN,9,80,16
25371893,101720790,79,,1972,RED SOX ROOKIE STARS,8,1400,293
30479359,101720800,80,,1972,TONY PEREZ,8,418,155
30937790,101720810,81,,1972,MIKE HEDLUND,8,170,112
11050750,101720820,82,,1972,RON WOODS,8,154,67
90429531,101720830,83,,1972,DALTON JONES,8,149,113
11819578,101720840,84,,1972,VINCE COLBERT,9,78,4
25526624,101720850,85,,1972,N.L.BATTING LEADERS,8,106,41
30148104,101720860,86,,1972,A.L. BATTING LEADERS,8,238,113
30134726,101720870,87,,1972,N.L. R.B.I. LEADERS,8,361,148
11122986,101720880,88,,1972,A.L. R.B.I. LEADERS,8,224,85
16114350,101720890,89,,1972,N.L. HR LEADERS,8,400,127
25436606,101720900,90,,1972,AL H.R. LEADERS,8,298,145
16000667,101720910,91,,1972,N.L. E.R.A. LEADERS,8.5,11,103
25520670,101720920,92,,1972,A.L. E.R.A. LEADERS,8,207,114
30134727,101720930,93,,1972,N.L. PITCHING LDRS,8,225,92
23781069,101720940,94,,1972,A.L. PITCHING LEADERS,8,144,41
25438723,101720950,95,,1972,N.L. K.O. LEADERS,8,150,42
25520671,101720960,96,,1972,A.L. STRIKEOUT LEADERS,8,114,65
23478594,101720970,97,,1972,TOM KELLEY,8,143,128
23654630,101720980,98,,1972,CHUCK TANNER,8,104,82
12515644,101720990,99,,1972,ROSS GRIMSLEY,9,63,4
81353667,101721000,100,,1972,FRANK ROBINSON,8,681,219
81881288,101721010,101,,1972,ASTROS ROOKIES,9,152,11
21752598,101721020,102,,1972,LLOYD ALLEN,8,106,65
40374748,101721030,103,,1972,CHECKLIST #133-263,8,316,224
25436540,101721040,104,,1972,TOBY HARRAH,8,116,61
23642015,101721050,105,,1972,GARY GENTRY,8,151,104
90137871,101721060,106,,1972,BREWERS TEAM,8,162,113
20451560,101721070,107,,1972,JOSE CRUZ,8,220,115
18519463,101721080,108,,1972,GARY WASLEWSKI,8,143,80
18499492,101721090,109,,1972,JERRY MAY,9,116,12
23654561,101721100,110,,1972,RON HUNT,8,204,162
31100242,101721110,111,,1972,JIM GRANT,8,136,88
16206803,101721120,112,,1972,GREG LUZINSKI,8,174,121
21750063,101721130,113,,1972,ROGELIO MORET,8.5,9,54
25520682,101721140,114,,1972,BILL BUCKNER,8,125,67
23654627,101721150,115,,1972,JIM FREGOSI,8,163,123
9166420,101721160,116,,1972,ED FARMER,9,159,17
23375979,101721170,117,117A,1972,"CLEO JAMES GREEN UNDER ""C"" AND ""S""",8,47,21
31420170,101721171,117,117B,1972,"CLEO JAMES YELLOW UNDER ""C"" AND ""S""",8,109,54
21750075,101721180,118,,1972,SKIP LOCKWOOD,8,139,58
20400733,101721190,119,,1972,MARTY PEREZ,9,71,14
21691829,101721200,120,,1972,BILL FREEHAN,9,56,9
30510012,101721210,121,,1972,ED SPRAGUE,8,144,114
30222380,101721220,122,,1972,LARRY BIITTNER,9,91,8
25093003,101721230,123,,1972,ED ACOSTA,8,122,62
40083681,101721240,124,,1972,YANKEES ROOKIES,9,107,15
21691805,101721250,125,,1972,DAVE CASH,9,45,5
30989942,101721260,126,,1972,BART JOHNSON,9,77,4
81353666,101721270,127,,1972,DUFFY DYER,8,102,73
3737342,101721280,128,,1972,EDDIE WATT,8,140,77
90349807,101721290,129,,1972,CHARLIE FOX,9,55,13
9014494,101721300,130,,1972,BOB GIBSON,8,331,85
12167750,101721310,131,,1972,JIM NETTLES,9,102,13
14307652,101721320,132,,1972,JOE MORGAN,8,431,102
81504954,101721330,133,,1972,JOE KEOUGH,8,97,49
12016683,101721340,134,,1972,CARL MORTON,8,135,76
30968811,101721350,135,,1972,VADA PINSON,8,142,61
21849766,101721360,136,,1972,DARREL CHANEY,8,160,87
11375801,101721370,137,,1972,DICK WILLIAMS,8,140,64
18773792,101721380,138,,1972,MIKE KEKICH,8,125,53
14957000,101721390,139,,1972,TIM MCCARVER,8.5,7,75
21531016,101721400,140,,1972,PAT DOBSON,9,75,10
14438761,101721410,141,,1972,METS ROOKIES,9,131,18
40083688,101721420,142,,1972,CHRIS CHAMBLISS,9,127,8
25520680,101721430,143,,1972,GARRY JESTADT,8,112,49
18907490,101721440,144,,1972,MARTY PATTIN,8,99,34
81910922,101721450,145,,1972,DON KESSINGER,8,188,121
60044749,101721460,146,,1972,STEVE KEALEY,8,171,97
17665757,101721470,147,,1972,DAVE KINGMAN,8,260,113
40361022,101721480,148,,1972,DICK BILLINGS,9,68,7
21750106,101721490,149,,1972,GARY NEIBAUER,8,126,58
25248914,101721500,150,,1972,NORM CASH,8,136,47
24337624,101721510,151,,1972,JIM BREWER,8,98,39
23335765,101721520,152,,1972,GENE CLINES,9,101,9
11838151,101721530,153,,1972,RICK AUERBACH,8,145,84
27430248,101721540,154,,1972,TED SIMMONS,9,68,6
18522704,101721550,155,,1972,LARRY DIERKER,9,68,7
30222243,101721560,156,,1972,TWINS TEAM,9,114,14
15600651,101721570,157,,1972,DON GULLETT,8,129,67
19432990,101721580,158,,1972,JERRY KENNEY,8,142,88
24588209,101721590,159,,1972,JOHN BOCCABELLA,8,157,109
40083700,101721600,160,,1972,ANDY MESSERSMITH,9,88,13
16117568,101721610,161,,1972,BROCK DAVIS,8,122,69
21750127,101721620,162,,1972,BREWERS ROOKIES,8,207,93
25520678,101721630,163,,1972,TUG MCGRAW,8,156,75
12440802,101721640,164,,1972,TUG MCGRAW IA,9,67,5
40337421,101721650,165,,1972,CHRIS SPEIER,8,190,142
21750131,101721660,166,,1972,CHRIS SPEIER IA,8,153,89
23697378,101721670,167,,1972,DERON JOHNSON,8.5,7,81
19717354,101721680,168,,1972,DERON JOHNSON IA,9,68,3
25520677,101721690,169,,1972,VIDA BLUE,8.5,9,142
90299710,101721700,170,,1972,VIDA BLUE IA,8,86,27
25520676,101721710,171,,1972,DARRELL EVANS,9,90,13
40083709,101721720,172,,1972,DARRELL EVANS IA,8,122,71
60044776,101721730,173,,1972,CLAY KIRBY,8,154,82
14552559,101721740,174,,1972,CLAY KIRBY IA,8,122,62
19791793,101721750,175,,1972,TOM HALLER,8,144,69
40162834,101721760,176,,1972,TOM HALLER IA,8,87,54
23124134,101721770,177,,1972,PAUL SCHAAL,8,189,75
90571009,101721780,178,,1972,PAUL SCHAAL IA,8,72,17
90572021,101721790,179,,1972,DOCK ELLIS,8,198,79
23063209,101721800,180,,1972,DOCK ELLIS IA,8,125,52
81661917,101721810,181,,1972,ED KRANEPOOL,8,205,110
90347338,101721820,182,,1972,ED KRANEPOOL IA,8,103,34
90572018,101721830,183,,1972,BILL MELTON,8,140,89
25520674,101721840,184,,1972,BILL MELTON IA,9,52,5
19593894,101721850,185,,1972,RON BRYANT,8,113,61
17759390,101721860,186,,1972,RON BRYANT IA,9,93,8
90138030,101721870,187,,1972,GATES BROWN,8,180,155
8032476,101721880,188,,1972,FRANK LUCCHESI,8,158,113
19896092,101721890,189,,1972,GENE TENACE,8,165,90
21752623,101721900,190,,1972,DAVE GIUSTI,8,137,74
23293252,101721910,191,,1972,JEFF BURROUGHS,8,133,49
25520673,101721920,192,,1972,CUBS TEAM,8,174,97
25436531,101721930,193,,1972,KURT BEVACQUA,8,120,67
90163565,101721940,194,,1972,FRED NORMAN,9,81,14
25520675,101721950,195,,1972,ORLANDO CEPEDA,8,226,78
40238473,101721960,196,,1972,MEL QUEEN,9,84,14
11404046,101721970,197,,1972,JOHNNY BRIGGS,8,170,114
81809777,101721980,198,,1972,DODGERS ROOKIES,8,213,113
23478607,101721990,199,,1972,MIKE FIORE,8,164,88
14621931,101722000,200,,1972,LOU BROCK,8,428,123
23879799,101722010,201,,1972,PHIL ROOF,9,106,14
22292373,101722020,202,,1972,SCIPIO SPINKS,8,158,93
12097013,101722030,203,,1972,RON BLOMBERG,9,106,2
20854501,101722040,204,,1972,TOMMY HELMS,8,126,67
23641805,101722050,205,,1972,DICK DRAGO,9,94,5
17469272,101722060,206,,1972,DAL MAXVILL,9,78,5
24907439,101722070,207,,1972,TOM EGAN,8,173,113
20066684,101722080,208,,1972,MILT PAPPAS,8,113,51
19891169,101722090,209,,1972,JOE RUDI,8,159,40
16017743,101722100,210,,1972,DENNY MCLAIN,8,180,105
40106161,101722110,211,,1972,GARY SUTHERLAND,8,109,78
90234468,101722120,212,,1972,GRANT JACKSON,9,97,14
11241490,101722130,213,,1972,ANGELS ROOKIES,8,105,55
23124119,101722140,214,,1972,MIKE MCQUEEN,8,170,103
30822987,101722150,215,,1972,ALEX JOHNSON,8,180,115
81492144,101722160,216,,1972,JOE NIEKRO,9,73,7
20040253,101722170,217,,1972,ROGER METZGER,8.5,4,61
24494021,101722180,218,,1972,EDDIE KASKO,8,92,41
22255878,101722190,219,,1972,RENNIE STENNETT,8,141,69
25520691,101722200,220,,1972,JIM PERRY,8,196,176
22409554,101722210,221,,1972,NL PLAYOFFS,8,143,47
81073719,101722220,222,,1972,AL PLAYOFFS,9,98,2
31100245,101722230,223,,1972,WORLD SERIES GAME 1,9,68,9
90457929,101722240,224,,1972,WORLD SERIES GAME 2,8,137,44
5483652,101722250,225,,1972,WORLD SERIES GAME 3,8,176,127
22208409,101722260,226,,1972,1971 WORLD SERIES,8,399,128
21732395,101722270,227,,1972,WORLD SERIES GAME 5,9,115,11
18858273,101722280,228,,1972,WORLD SERIES GAME 6,8,100,42
22255881,101722290,229,,1972,WORLD SERIES GAME 7,8,161,63
20822526,101722300,230,,1972,WORLD SERIES,8,136,48
19713139,101722310,231,,1972,CASEY COX,8,120,80
31085445,101722320,232,,1972,GIANTS ROOKIES,9,116,17
24667593,101722330,233,,1972,JAY JOHNSTONE,9,94,10
20463086,101722340,234,,1972,RON TAYLOR,8,154,56
16159642,101722350,235,,1972,MERV RETTENMUND,8.5,10,120
22895528,101722360,236,,1972,JIM MCGLOTHLIN,8,163,115
25520684,101722370,237,,1972,YANKEES TEAM,8,332,204
19936948,101722380,238,,1972,LERON LEE,9,109,17
20950688,101722390,239,,1972,TOM TIMMERMANN,8.5,6,26
31083729,101722400,240,,1972,RICH ALLEN,9,86,3
11490877,101722410,241,,1972,ROLLIE FINGERS,9,123,17
11619529,101722420,242,,1972,DON MINCHER,8,164,111
81805190,101722430,243,,1972,FRANK LINZY,8,112,67
40337432,101722440,244,,1972,STEVE BRAUN,8,125,82
25977911,101722450,245,,1972,TOMMIE AGEE,9,55,5
3690604,101722460,246,,1972,TOM BURGMEIER,8,127,75
17272580,101722470,247,,1972,MILT MAY,9,81,20
11365486,101722480,248,,1972,TOM BRADLEY,8,141,88
30823004,101722490,249,,1972,HARRY WALKER,8,178,123
25430632,101722500,250,,1972,BOOG POWELL,8,186,92
1490946,101722511,251,251A,1972,CHECKLIST #264-394 SMALL PRINT ON FRONT,9,149,9
24985041,101722512,251,251B,1972,CHECKLIST #264-394 LARGE PRINT ON FRONT,9,48,12
12016753,101722520,252,,1972,KEN REYNOLDS,9,107,20
25248918,101722530,253,,1972,SANDY ALOMAR,8,149,79
25520687,101722540,254,,1972,BOOTS DAY,8,139,111
40378387,101722550,255,,1972,JIM LONBORG,8,154,108
30339295,101722560,256,,1972,GEORGE FOSTER,8,255,140
11278399,101722570,257,,1972,TIGERS ROOKIES,8,121,44
30936084,101722580,258,,1972,RANDY HUNDLEY,8,150,78
23119620,101722590,259,,1972,SPARKY LYLE,8,214,150
40083775,101722600,260,,1972,RALPH GARR,9,98,8
11403994,101722610,261,,1972,STEVE MINGORI,8,145,74
17377053,101722620,262,,1972,PADRES TEAM,9,159,31
12218838,101722630,263,,1972,FELIPE ALOU,8,123,28
24755988,101722640,264,,1972,TOMMY JOHN,8,143,77
22871719,101722650,265,,1972,WES PARKER,8,175,146
16062405,101722660,266,,1972,BOBBY BOLIN,8,200,141
24309965,101722670,267,,1972,DAVE CONCEPCION,8,300,151
11567268,101722680,268,,1972,AS ROOKIES,8,111,110
15483760,101722690,269,,1972,DON HAHN,9,97,26
23279981,101722700,270,,1972,JIM PALMER,9,189,20
24199267,101722710,271,,1972,KEN RUDOLPH,8,103,82
25092945,101722720,272,,1972,MICKEY RIVERS,10,9,0
11403987,101722730,273,,1972,BOBBY FLOYD,8,105,136
11102506,101722740,274,,1972,AL SEVERINSEN,8,152,117
25520686,101722750,275,,1972,CESAR TOVAR,8,130,104
31301298,101722760,276,,1972,GENE MAUCH,9,145,21
11059541,101722770,277,,1972,ELLIOTT MADDOX,8,121,78
31085441,101722780,278,,1972,DENNIS HIGGINS,9,91,15
16344730,101722790,279,,1972,LARRY BROWN,9,95,9
17314327,101722800,280,,1972,WILLIE MCCOVEY,9,184,10
30131989,101722810,281,,1972,BILL PARSONS,9,127,21
5209265,101722820,282,,1972,ASTROS TEAM,8,179,189
12175696,101722830,283,,1972,DARRELL BRANDON,8,146,201
81534889,101722840,284,,1972,IKE BROWN,8,136,132
2095823,101722850,285,,1972,GAYLORD PERRY,9,170,19
21732428,101722860,286,,1972,GENE ALLEY,8,132,135
8032491,101722870,287,,1972,JIM HARDIN,8,106,106
11314317,101722880,288,,1972,JOHNNY JETER,8,117,92
11314497,101722890,289,,1972,SYD OBRIEN,9,119,27
20429816,101722900,290,,1972,SONNY SIEBERT,8,164,146
11211249,101722910,291,,1972,HAL MCRAE,8,140,117
22030566,101722920,292,,1972,HAL MCRAE IA,8,104,30
90489664,101722930,293,,1972,DANNY FRISELLA,8,88,58
18711226,101722940,294,,1972,DANNY FRISELLA IA,8.5,9,68
25520685,101722950,295,,1972,DICK DIETZ,8,94,75
21751233,101722960,296,,1972,DICK DIETZ IA,8,73,39
16194712,101722970,297,,1972,CLAUDE OSTEEN,9,82,8
15888488,101722980,298,,1972,CLAUDE OSTEEN IA,8,108,50
25398020,101722990,299,,1972,HANK AARON,8,648,122
26863699,101723000,300,,1972,HANK AARON IA,8,161,46
31420176,101723010,301,,1972,GEORGE MITTERWALD,8,83,76
21456815,101723020,302,,1972,GEORGE MITTERWALD IA,8,90,75
22871701,101723030,303,,1972,JOE PEPITONE,8,134,124
25520695,101723040,304,,1972,JOE PEPITONE IA,8,80,63
17286797,101723050,305,,1972,KEN BOSWELL,9,104,14
15997327,101723060,306,,1972,KEN BOSWELL IA,8,86,46
20459173,101723070,307,,1972,STEVE RENKO,8.5,8,109
14670092,101723080,308,,1972,STEVE RENKO IA,8,83,45
19678349,101723090,309,,1972,ROBERTO CLEMENTE,8,1524,468
8003284,101723100,310,,1972,ROBERTO CLEMENTE IA,8,566,175
25087410,101723110,311,,1972,CLAY CARROLL,8,133,118
11234189,101723120,312,,1972,CLAY CARROLL IA,8,100,56
20933357,101723130,313,,1972,LUIS APARICIO,9,75,10
25398021,101723140,314,,1972,LUIS APARICIO IA,8,187,106
23238808,101723150,315,,1972,PAUL SPLITTORFF,9,65,12
31085437,101723160,316,,1972,CARDINALS ROOKIES,9,104,16
22871710,101723170,317,,1972,RICH HAND,8,127,115
22893713,101723180,318,,1972,SONNY JACKSON,8,104,84
81501104,101723190,319,,1972,AURELIO RODRIGUEZ,8,105,77
22893712,101723200,320,,1972,STEVE BLASS,8,108,56
12515680,101723210,321,,1972,JOE LAHOUD,8,119,78
40083820,101723220,322,,1972,JOSE PENA,8,77,42
30785602,101723230,323,,1972,EARL WEAVER,8,143,64
24286021,101723240,324,,1972,MIKE RYAN,8,138,98
11907864,101723250,325,,1972,MEL STOTTLEMYRE,9,141,22
6359174,101723260,326,,1972,PAT KELLY,9,93,20
25977912,101723270,327,,1972,STEVE STONE,9,76,10
25520696,101723280,328,,1972,RED SOX TEAM,8,162,58
21753197,101723290,329,,1972,ROY FOSTER,8,144,95
1551871,101723300,330,,1972,JIM HUNTER,8,222,76
90167380,101723310,331,,1972,STAN SWANSON,9,88,10
20444076,101723320,332,,1972,BUCK MARTINEZ,9,98,8
21751148,101723330,333,,1972,STEVE BARBER,9,85,15
30131981,101723340,334,,1972,RANGERS ROOKIES,9,148,11
81636388,101723350,335,,1972,BILL HANDS,9,121,21
90262465,101723360,336,,1972,MARTY MARTINEZ,8,120,47
90317845,101723370,337,,1972,MIKE KILKENNY,9,110,17
20824759,101723380,338,,1972,BOB GRICH,9,98,7
16826927,101723390,339,,1972,RON COOK,9,119,31
24492387,101723400,340,,1972,ROY WHITE,8,138,74
25438737,101723410,341,,1972,JOE TORRE,8,167,120
19441410,101723420,342,,1972,WILBUR WOOD,8,100,55
20968337,101723430,343,,1972,WILLIE STARGELL,9,131,21
90608963,101723440,344,,1972,DAVE MCNALLY,8,119,121
6619910,101723450,345,,1972,RICK WISE,9,103,23
17236797,101723460,346,,1972,JIM FREGOSI,8,94,65
31076897,101723470,347,,1972,YOUNG TOM SEAVER,9,99,5
16324456,101723480,348,,1972,SAL BANDO,8,114,38
1694346,101723490,349,,1972,AL FITZMORRIS,8,133,87
90597779,101723500,350,,1972,FRANK HOWARD,9,123,7
11416814,101723510,351,,1972,BRAVES ROOKIES,9,100,13
20445889,101723520,352,,1972,DAVE LAROCHE,9,110,12
24907348,101723530,353,,1972,ART SHAMSKY,8,137,100
11290155,101723540,354,,1972,TOM MURPHY,8,152,114
24806764,101723550,355,,1972,BOB WATSON,8,128,94
18391144,101723560,356,,1972,GERRY MOSES,9,110,18
6501782,101723570,357,,1972,WOODIE FRYMAN,9,98,12
40610929,101723580,358,,1972,SPARKY ANDERSON,8,215,94
22720948,101723590,359,,1972,DON PAVLETICH,8,145,144
31301327,101723600,360,,1972,DAVE ROBERTS,9,140,24
30005424,101723610,361,,1972,MIKE ANDREWS,8,139,165
25520699,101723620,362,,1972,METS TEAM,8,200,103
18451105,101723630,363,,1972,RON KLIMKOWSKI,9,75,12
11211258,101723640,364,,1972,JOHNNY CALLISON,8,124,99
18995110,101723650,365,,1972,DICK BOSMAN,9,84,12
20593345,101723660,366,,1972,JIMMY ROSARIO,8,101,61
20444086,101723670,367,,1972,RON PERRANOSKI,8.5,7,110
15888599,101723680,368,,1972,DANNY THOMPSON,8,161,154
14307213,101723690,369,,1972,JIM LEFEBVRE,8,130,72
30276764,101723700,370,,1972,DON BUFORD,9,80,16
30836408,101723710,371,,1972,DENNY LEMASTER,9,133,15
11156164,101723720,372,,1972,ROYALS ROOKIES,8,112,108
14930595,101723730,373,,1972,JOHN MAYBERRY,9,95,15
15572633,101723740,374,,1972,JACK HEIDEMANN,8.5,9,117
14930672,101723750,375,,1972,REGGIE CLEVELAND,9,103,11
16241263,101723760,376,,1972,ANDY KOSCO,8,120,89
6375287,101723770,377,,1972,TERRY HARMON,8,73,27
11080224,101723780,378,,1972,CHECKLIST #395-525,9,155,13
25977913,101723790,379,,1972,KEN BERRY,8,98,77
23882551,101723800,380,,1972,EARL WILLIAMS,9,111,26
25520698,101723810,381,,1972,WHITE SOX TEAM,8,145,124
23119634,101723820,382,,1972,JOE GIBBON,8,144,114
20620195,101723830,383,,1972,BRANT ALYEA,8.5,4,76
31540082,101723840,384,,1972,DAVE CAMPBELL,9,63,15
18732518,101723850,385,,1972,MICKEY STANLEY,8,99,43
6365948,101723860,386,,1972,JIM COLBORN,9,88,14
24286032,101723870,387,,1972,HORACE CLARKE,8,201,179
18582161,101723880,388,,1972,CHARLIE WILLIAMS,9,78,8
15058247,101723890,389,,1972,BILL RIGNEY,9,151,18
18400699,101723900,390,,1972,WILLIE DAVIS,8,153,79
11416815,101723910,391,,1972,KEN SANDERS,9,143,21
31594066,101723920,392,,1972,PIRATE ROOKIES,9,107,18
11211272,101723930,393,,1972,CURT MOTTON,8,99,92
16493743,101723940,394,,1972,KEN FORSCH,9,84,17
24570154,101723950,395,,1972,MATTY ALOU,8,88,33
18788162,101723960,396,,1972,PAUL LINDBLAD,8,116,55
14140492,101723970,397,,1972,PHILLIES TEAM,8,113,51
21751197,101723980,398,,1972,LARRY HISLE,8.5,5,39
90396188,101723990,399,,1972,MILT WILCOX,9,96,11
25248927,101724000,400,,1972,TONY OLIVA,8,218,99
19909544,101724010,401,,1972,JIM NASH,8,97,32
19447945,101724020,402,,1972,BOBBY HEISE,8,102,54
23312329,101724030,403,,1972,JOHN CUMBERLAND,8,125,66
11403906,101724040,404,,1972,JEFF TORBORG,8,132,58
21750086,101724050,405,,1972,RON FAIRLY,8,109,44
19869739,101724060,406,,1972,GEORGE HENDRICK,8,115,54
18561131,101724070,407,,1972,CHUCK TAYLOR,8,114,54
19536817,101724080,408,,1972,JIM NORTHRUP,8,97,45
26752384,101724090,409,,1972,FRANK BAKER,8,97,27
4021229,101724100,410,,1972,FERGIE JENKINS,9,129,6
15150725,101724110,411,,1972,BOB MONTGOMERY,8,89,52
12218825,101724120,412,,1972,DICK KELLEY,8,99,48
22700480,101724130,413,,1972,WHITE SOX ROOKIES,8,83,51
21455921,101724140,414,,1972,BOB MILLER,8,124,50
30987071,101724150,415,,1972,COOKIE ROJAS,9,65,8
4545399,101724160,416,,1972,JOHNNY EDWARDS,8,109,72
15888513,101724170,417,,1972,TOM HALL,8,104,69
23238944,101724180,418,,1972,TOM SHOPAY,8,114,135
21456814,101724190,419,,1972,JIM SPENCER,8,155,95
22884021,101724200,420,,1972,STEVE CARLTON,9,107,7
30874130,101724210,421,,1972,ELLIE RODRIGUEZ,8,85,59
15691693,101724220,422,,1972,RAY LAMB,8,104,86
18760711,101724230,423,,1972,OSCAR GAMBLE,8,115,103
14518796,101724240,424,,1972,BILL GOGOLEWSKI,9,108,11
25520709,101724250,425,,1972,KEN SINGLETON,8,100,60
25520704,101724260,426,,1972,KEN SINGLETON IA,9,87,9
81445075,101724270,427,,1972,TITO FUENTES,8,94,55
15017950,101724280,428,,1972,TITO FUENTES IA,8.5,3,75
81612469,101724290,429,,1972,BOB ROBERTSON,8,111,50
22719491,101724300,430,,1972,BOB ROBERTSON IA,8,124,97
16206816,101724310,431,,1972,CLARENCE GASTON,8,140,76
11420397,101724320,432,,1972,CLARENCE GASTON IA,8,157,92
20331525,101724330,433,,1972,JOHNNY BENCH,8,569,137
25087476,101724340,434,,1972,JOHNNY BENCH IA,8,235,55
28216745,101724350,435,,1972,REGGIE JACKSON,9,109,8
20263517,101724360,436,,1972,REGGIE JACKSON IA,8,262,100
24748355,101724370,437,,1972,MAURY WILLS,8,139,65
23639071,101724380,438,,1972,MAURY WILLS IA,8,110,24
19769842,101724390,439,,1972,BILLY WILLIAMS,8,219,101
25520703,101724400,440,,1972,BILLY WILLIAMS IA,8,164,137
25339720,101724410,441,,1972,THURMAN MUNSON,8,690,189
25132778,101724420,442,,1972,THURMAN MUNSON IA,8,253,96
26518196,101724430,443,,1972,KEN HENDERSON,8,85,26
15755153,101724440,444,,1972,KEN HENDERSON IA,8,87,102
25339743,101724450,445,,1972,TOM SEAVER,8,394,77
16461499,101724460,446,,1972,TOM SEAVER IA,8,271,104
19773255,101724470,447,,1972,WILLIE STARGELL,8,478,149
22987514,101724480,448,,1972,WILLIE STARGELL IA,8,154,64
2229102,101724490,449,,1972,BOB LEMON,8,115,56
26145951,101724500,450,,1972,MICKEY LOLICH,8,142,57
25520708,101724510,451,,1972,TONY LARUSSA,8,156,89
18760710,101724520,452,,1972,ED HERRMANN,8,153,79
25192216,101724530,453,,1972,BARRY LERSH,8,94,49
14345403,101724540,454,,1972,AS TEAM,8,123,54
11177442,101724550,455,,1972,TOMMY HARPER,8,123,51
40361178,101724560,456,,1972,MARK BELANGER,8,80,56
24503517,101724570,457,,1972,PADRES ROOKES,8,85,35
25520707,101724580,458,,1972,AURELIO MONTEAGUDO,8,113,79
31084625,101724590,459,,1972,RICK RENICK,9,65,14
90573373,101724600,460,,1972,AL DOWNING,8,89,49
90058185,101724610,461,,1972,TIM CULLEN,8,105,67
11908494,101724620,462,,1972,RICKEY CLARK,9,65,11
11499399,101724630,463,,1972,BERNIE CARBO,8,92,54
81642083,101724640,464,,1972,JIM ROLAND,8,132,45
90394544,101724650,465,,1972,GIL HODGES,8,141,37
25520714,101724660,466,,1972,NORM MILLER,8,109,71
21750095,101724670,467,,1972,STEVE KLINE,8,91,30
81353668,101724680,468,,1972,RICHIE SCHEINBLUM,8,142,57
25520713,101724690,469,,1972,RON HERBEL,8,88,83
90072888,101724700,470,,1972,RAY FOSSE,8,97,60
81615948,101724710,471,,1972,LUKE WALKER,9,117,9
18704331,101724720,472,,1972,PHIL GAGLIANO,9,60,6
21746665,101724730,473,,1972,DAN MCGINN,8,102,53
1736176,101724740,474,,1972,ORIOLES ROOKIES,8,242,88
31839290,101724750,475,,1972,GARY NOLAN,8,120,79
11365515,101724760,476,,1972,LEE RICHARD,9,124,16
31304901,101724770,477,,1972,TOM PHOEBUS,9,58,9
1490969,101724781,478,478A,1972,CHECKLIST #526-656 SMALL PRINT ON FRONT,9,147,22
27242941,101724782,478,478B,1972,CHECKLIST #526-656 LARGE PRINTING ON FRONT,9,46,5
16077413,101724790,479,,1972,DON SHAW,8,155,73
25520712,101724800,480,,1972,LEE MAY,8,78,81
30870587,101724810,481,,1972,BILLY CONIGLIARO,8,186,121
24997225,101724820,482,,1972,JOE HOERNER,8,78,48
23099874,101724830,483,,1972,KEN SUAREZ,8,131,114
40242128,101724840,484,,1972,LUM HARRIS,9,75,2
11420410,101724850,485,,1972,PHIL REGAN,8,100,41
14307232,101724860,486,,1972,JOHN LOWENSTEIN,8,88,74
90167332,101724870,487,,1972,TIGERS TEAM,8,112,105
17673706,101724880,488,,1972,MIKE NAGY,8,150,153
19441274,101724890,489,,1972,EXPOS ROOKIES,8,103,31
26693402,101724900,490,,1972,DAVE MCNALLY,8,67,70
23811001,101724910,491,,1972,LOU PINIELLA,8,110,67
11191250,101724920,492,,1972,MEL STOTTLEMYRE,8,105,86
24759717,101724930,493,,1972,BOB BAILEY,8,70,72
90574407,101724940,494,,1972,WILLIE HORTON,9,64,6
23478484,101724950,495,,1972,BILL MELTON,8,82,64
6467447,101724960,496,,1972,BUD HARRELSON,8,99,34
26136707,101724970,497,,1972,JIM PERRY,8,91,40
30416314,101724980,498,,1972,BROOKS ROBINSON,8,120,78
31301340,101724990,499,,1972,VICENTE ROMO,9,86,16
14381391,101725000,500,,1972,JOE TORRE,8,153,78
25520722,101725010,501,,1972,PETE HAMM,8,90,35
8200615,101725020,502,,1972,JACKIE HERNANDEZ,8,113,74
14307293,101725030,503,,1972,GARY PETERS,8,107,54
90574388,101725040,504,,1972,ED SPIEZIO,8,83,32
25520721,101725050,505,,1972,MIKE MARSHALL,8,108,50
90438973,101725060,506,,1972,INDIANS ROOKIES,8,131,81
11420413,101725070,507,,1972,FRED GLADDING,8,157,57
17947075,101725080,508,,1972,ELROD HENDRICKS,8,100,76
25520723,101725090,509,,1972,DON MCMAHON,8,77,66
31190909,101725100,510,,1972,TED WILLIAMS,8,290,69
30100028,101725110,511,,1972,TONY TAYLOR,9,50,3
19997467,101725120,512,,1972,PAUL POPOVICH,8,100,38
90574078,101725130,513,,1972,LINDY MCDANIEL,9,93,23
20593375,101725140,514,,1972,TED SIZEMORE,8,103,38
16826858,101725150,515,,1972,BERT BLYLEVEN,8,234,94
11191256,101725160,516,,1972,OSCAR BROWN,8,78,51
18826517,101725170,517,,1972,KEN BRETT,8,93,32
26752387,101725180,518,,1972,WAYNE GARRETT,8,72,23
25192245,101725190,519,,1972,TED ABERNATHY,8,92,31
24606482,101725200,520,,1972,LARRY BOWA,8,99,38
11791754,101725210,521,,1972,ALAN FOSTER,9,62,10
11265566,101725220,522,,1972,DODGERS TEAM,8,141,71
40602234,101725230,523,,1972,CHUCK DOBSON,8,96,42
90571911,101725240,524,,1972,REDS ROOKIES,8,70,30
81353652,101725250,525,,1972,CARLOS MAY,8,92,35
40083894,101725260,526,,1972,BOB BAILEY,8,120,54
14516897,101725270,527,,1972,DAVE LEONHARD,8,104,40
21639117,101725280,528,,1972,RON STONE,8,91,44
31839306,101725290,529,,1972,DAVE NELSON,9,67,4
25281197,101725300,530,,1972,DON SUTTON,8,190,94
25520719,101725310,531,,1972,FREDDIE PATEK,8,128,89
14232817,101725320,532,,1972,FRED KENDALL,8,60,26
24337891,101725330,533,,1972,RALPH HOUK,8,85,26
81664735,101725340,534,,1972,JIM HICKMAN,9,77,8
18844504,101725350,535,,1972,ED BRINKMAN,8,146,92
6359167,101725360,536,,1972,DOUG RADER,8,108,40
11050874,101725370,537,,1972,BOB LOCKER,8,91,69
14670986,101725380,538,,1972,CHARLIE SANDS,8,111,59
15877638,101725390,539,,1972,TERRY FORSTER,8,152,152
14356317,101725400,540,,1972,FELIX MILLAN,8,89,60
11907339,101725410,541,,1972,ROGER REPOZ,9,96,4
24907430,101725420,542,,1972,JACK BILLINGHAM,8,138,73
81530347,101725430,543,,1972,DUANE JOSEPHSON,8,167,100
25520718,101725440,544,,1972,TED MARTINEZ,8,109,54
20080153,101725450,545,,1972,WAYNE GRANGER,8,100,85
21750059,101725460,546,,1972,JOE HAGUE,8.5,8,78
18293372,101725470,547,,1972,INDIANS TEAM,9,120,38
31085425,101725480,548,,1972,FRANK REBERGER,9,109,21
14344553,101725490,549,,1972,DAVE MAY,8,114,62
1016053,101725500,550,,1972,BROOKS ROBINSON,9,126,15
15888571,101725510,551,,1972,OLLIE BROWN,8,97,71
12218872,101725520,552,,1972,OLLIE BROWN IA,8,132,77
31733007,101725530,553,,1972,WILBUR WOOD,8,99,105
15058223,101725540,554,,1972,WILBUR WOOD IA,8.5,9,122
25520717,101725550,555,,1972,RON SANTO,8,223,126
81353648,101725560,556,,1972,RON SANTO IA,8,144,53
21746652,101725570,557,,1972,JOHN ODOM,8,76,95
19256542,101725580,558,,1972,JOHN ODOM IA,8,184,79
25386558,101725590,559,,1972,PETE ROSE,8,767,207
25743366,101725600,560,,1972,PETE ROSE IA,8,442,94
12501301,101725610,561,,1972,LEO CARDENAS,9,97,15
6501854,101725620,562,,1972,LEO CARDENAS IA,9,92,10
25520729,101725630,563,,1972,RAY SADECKI,8,96,47
90428635,101725640,564,,1972,RAY SADECKI IA,8,131,96
14258387,101725650,565,,1972,REGGIE SMITH,8,167,63
16048217,101725660,566,,1972,REGGIE SMITH IA,8,153,66
30479360,101725670,567,,1972,JUAN MARICHAL,8,191,39
18550386,101725680,568,,1972,JUAN MARICHAL IA,8,209,59
11157101,101725690,569,,1972,ED KIRKPATRICK,8,104,86
14345363,101725700,570,,1972,ED KIRKPATRICK IA,8,119,63
4448212,101725710,571,,1972,NATE COLBERT,8,148,160
25520716,101725720,572,,1972,NATE COLBERT IA,8,146,48
60024882,101725730,573,,1972,FRITZ PETERSON,9,105,34
25436566,101725740,574,,1972,FRITZ PETERSON IA,8,127,103
19448621,101725750,575,,1972,AL OLIVER,8,192,128
25132792,101725760,576,,1972,LEO DUROCHER,8,108,40
11265559,101725770,577,,1972,MIKE PAUL,8,125,71
31024540,101725780,578,,1972,BILLY GRABARKEWITZ,9,118,9
30823018,101725790,579,,1972,DOYLE ALEXANDER,9,73,8
90349179,101725800,580,,1972,LOU PINIELLA,9,134,22
17469328,101725810,581,,1972,WADE BLASINGAME,9,58,4
17367298,101725820,582,,1972,MONTREAL EXPOS TEAM CARD,8,74,19
20793240,101725830,583,,1972,DAROLD KNOWLES,8,129,64
90377546,101725840,584,,1972,JERRY MCNERTNEY,9,109,26
25520726,101725850,585,,1972,GEORGE SCOTT,8,139,70
14307300,101725860,586,,1972,DENIS MENKE,8,145,68
15458639,101725870,587,,1972,BILLY WILSON,9,92,19
20311444,101725880,588,,1972,JIM HOLT,8,114,40
16114316,101725890,589,,1972,HAL LANIER,9,61,5
16194721,101725900,590,,1972,GRAIG NETTLES,8,174,95
25520725,101725910,591,,1972,PAUL CASANOVA,8,121,81
14671003,101725920,592,,1972,LEW KRAUSSE,8,110,98
14388292,101725930,593,,1972,RICH MORALES,8,97,89
30785830,101725940,594,,1972,JIM BEAUCHAMP,8,115,93
50001381,101725950,595,,1972,NOLAN RYAN,9,189,9
25248937,101725960,596,,1972,MANNY MOTA,8,128,67
12117236,101725970,597,,1972,JIM MAGNUSON,8,136,83
25520724,101725980,598,,1972,HAL KING,8,113,68
90377523,101725990,599,,1972,BILLY CHAMPION,9,68,16
25386557,101726000,600,,1972,AL KALINE,8,486,186
25426025,101726010,601,,1972,GEORGE STONE,9,99,13
18828699,101726020,602,,1972,DAVE BRISTOL,8,135,50
20824764,101726030,603,,1972,JIM RAY,9,105,19
24985031,101726041,604,604A,1972,CHECKLIST #657-787 COPYRIGHT ON RIGHT,9,106,14
11211053,101726042,604,604B,1972,CHECKLIST #657-787 COPYRIGHT ON LEFT,9,96,11
18449351,101726050,605,,1972,NELSON BRILES,9,83,9
24301989,101726060,606,,1972,LUIS MELENDEZ,9,102,7
14356285,101726070,607,,1972,FRANK DUFFY,8,95,105
24210634,101726080,608,,1972,MIKE CORKINS,9,206,36
19333749,101726090,609,,1972,TOM GRIEVE,8,159,75
31594074,101726100,610,,1972,BILL STONEMAN,9,191,39
25520737,101726110,611,,1972,RICH REESE,8,95,103
25520736,101726120,612,,1972,JOE DECKER,8,101,65
90428622,101726130,613,,1972,MIKE FERRARO,8,155,117
20277518,101726140,614,,1972,TED UHLAENDER,8,122,59
17645395,101726150,615,,1972,STEVE HARGAN,8.5,8,101
21804160,101726160,616,,1972,JOE FERGUSON,8,128,87
31839422,101726170,617,,1972,ROYALS TEAM,9,91,29
40238727,101726180,618,,1972,RICH ROBERTSON,8,130,129
90428954,101726190,619,,1972,RICH MCKINNEY,8,120,44
14604241,101726200,620,,1972,PHIL NIEKRO,8,157,34
19791783,101726210,621,,1972,COMMISSIONERS AWARD,9,83,10
90094318,101726220,622,,1972,MVP AWARD,8,163,136
25977917,101726230,623,,1972,CY YOUNG AWARD,8,121,98
12218844,101726240,624,,1972,MINOR LEAGUE PLAYER,8,116,52
14644470,101726250,625,,1972,ROOKIE OF THE YEAR,8,147,69
14644471,101726260,626,,1972,BABE RUTH AWARD,8,165,83
19713156,101726270,627,,1972,MOE DRABOWSKY,8,102,27
17673720,101726280,628,,1972,TERRY CROWLEY,8,125,114
21691792,101726290,629,,1972,PAUL DOYLE,8,134,92
18519353,101726300,630,,1972,RICH HEBNER,9,88,8
18465991,101726310,631,,1972,JOHN STROHMAYER,9,78,12
14344589,101726320,632,,1972,MIKE HEGAN,8,141,61
11195790,101726330,633,,1972,JACK HIATT,8,135,107
90003793,101726340,634,,1972,DICK WOODSON,9,113,14
25520735,101726350,635,,1972,DON MONEY,9,68,5
25520734,101726360,636,,1972,BILL LEE,9,53,3
81868860,101726370,637,,1972,PRESTON GOMEZ,8,112,60
12485347,101726380,638,,1972,KEN WRIGHT,8,98,56
90167428,101726390,639,,1972,J.C. MARTIN,8,118,69
21639147,101726400,640,,1972,JOE COLEMAN,9,73,7
30663284,101726410,641,,1972,MIKE LUM,8,118,47
81446770,101726420,642,,1972,DENNY RIDDLEBERGER,9,77,5
4545365,101726430,643,,1972,RUSS GIBSON,8,102,49
19451676,101726440,644,,1972,BERNIE ALLEN,8,155,86
11499367,101726450,645,,1972,JIM MALONEY,8,98,34
21769693,101726460,646,,1972,CHICO SALMON,9,30,2
6349791,101726470,647,,1972,BOB MOOSE,8,151,87
11195799,101726480,648,,1972,JIM LYTTLE,8,148,80
20080235,101726490,649,,1972,PETE RICHERT,8,112,98
16370772,101726500,650,,1972,SAL BANDO,9,44,5
18828703,101726510,651,,1972,REDS TEAM,8,185,77
17438577,101726520,652,,1972,MARCELINO LOPEZ,9,109,45
25436554,101726530,653,,1972,JIM FAIREY,8,119,57
12336091,101726540,654,,1972,HORACIO PINA,8,130,44
12102511,101726550,655,,1972,JERRY GROTE,8,89,18
11907294,101726560,656,,1972,RUDY MAY,8,119,57
25520732,101726570,657,,1972,BOBBY WINE,8,111,72
25520744,101726580,658,,1972,STEVE DUNNING,8,92,28
25520743,101726590,659,,1972,BOB ASPROMONTE,8,122,87
81482890,101726600,660,,1972,PAUL BLAIR,8,157,96
21221693,101726610,661,,1972,BILL VIRDON,9,46,4
22701874,101726620,662,,1972,STAN BAHNSEN,8,141,44
24962570,101726630,663,,1972,FRAN HEALY,8,108,49
21149730,101726640,664,,1972,BOBBY KNOOP,9,68,7
24482595,101726650,665,,1972,CHRIS SHORT,8,110,50
24854769,101726660,666,,1972,HECTOR TORRES,8,121,58
22701875,101726670,667,,1972,RAY NEWMAN,8,108,65
25520731,101726680,668,,1972,SENATORS TEAM,8,227,92
21639978,101726690,669,,1972,WILLIE CRAWFORD,9,61,11
90202336,101726700,670,,1972,KEN HOLTZMAN,8,111,45
20854716,101726710,671,,1972,DONN CLENDENON,8,150,90
14344532,101726720,672,,1972,ARCHIE REYNOLDS,8,105,49
21548614,101726730,673,,1972,DAVE MARSHALL,8,98,37
25520739,101726740,674,,1972,JOHN KENNEDY,8,107,52
24245237,101726750,675,,1972,PAT JARVIS,9,94,17
40501294,101726760,676,,1972,DANNY CATER,9,36,1
12037370,101726770,677,,1972,IVAN MURRELL,9,69,7
11420978,101726780,678,,1972,STEVE LUEBBER,9,78,12
16023084,101726790,679,,1972,ASTROS ROOKIES,8.5,9,93
12096136,101726800,680,,1972,DAVE JOHNSON,9,78,10
16831664,101726810,681,,1972,BOBBY PFEIL,8,134,76
25520748,101726820,682,,1972,MIKE MCCORMICK,8,154,50
14022569,101726830,683,,1972,STEVE HOVLEY,8,103,26
12166827,101726840,684,,1972,HAL BREEDEN,9,112,14
90439021,101726850,685,,1972,JOE HORLEN,9,74,10
25463963,101726860,686,,1972,STEVE GARVEY,8,518,125
24483789,101726870,687,,1972,DEL UNSER,8,120,37
18828711,101726880,688,,1972,CARDINALS TEAM,8,183,125
17641743,101726890,689,,1972,EDDIE FISHER,8.5,5,77
25520747,101726900,690,,1972,WILLIE MONTANEZ,9,88,15
21746694,101726910,691,,1972,CURT BLEFARY,8,129,48
21639167,101726920,692,,1972,CURT BLEFARY IA,8,93,35
23279989,101726930,693,,1972,ALAN GALLAGHER,8,109,23
40501298,101726940,694,,1972,ALAN GALLAGHER IA,8,135,65
1715994,101726950,695,,1972,ROD CAREW,8,504,88
23811353,101726960,696,,1972,ROD CAREW IA,8,307,63
31839465,101726970,697,,1972,JERRY KOOSMAN,8,102,64
19741066,101726980,698,,1972,JERRY KOOSMAN IA,8,145,47
25520745,101726990,699,,1972,BOBBY MURCER,8,171,80
90406080,101727000,700,,1972,BOBBY MURCER IA,9,61,8
15728437,101727010,701,,1972,JOSE PAGAN,8,188,151
18331301,101727020,702,,1972,JOSE PAGAN IA,8,139,64
12076208,101727030,703,,1972,DOUG GRIFFIN,9,106,3
81864247,101727040,704,,1972,DOUG GRIFFIN IA,8,183,48
21753083,101727050,705,,1972,PAT CORRALES,9,85,11
40238766,101727060,706,,1972,PAT CORRALES IA,8,140,57
20395963,101727070,707,,1972,TIM FOLI,8,185,97
25520762,101727080,708,,1972,TIM FOLI IA,8,95,26
25192225,101727090,709,,1972,JIM KAAT,8,237,165
14937269,101727100,710,,1972,JIM KAAT IA,8,125,75
30421153,101727110,711,,1972,BOBBY BONDS,8,301,205
2069717,101727120,712,,1972,BOBBY BONDS IA,8,204,108
10323116,101727130,713,,1972,GENE MICHAEL,8,102,51
16158313,101727140,714,,1972,GENE MICHAEL IA,8,143,50
16495878,101727150,715,,1972,MIKE EPSTEIN,8,126,36
22701882,101727160,716,,1972,JESUS ALOU,8,99,38
81906815,101727170,717,,1972,BRUCE DAL CANTON,8,148,38
25520755,101727180,718,,1972,DEL RICE,8,101,42
25520758,101727190,719,,1972,CESAR GERONIMO,8,174,94
25520754,101727200,720,,1972,SAM MCDOWELL,9,58,7
1787579,101727210,721,,1972,EDDIE LEON,9,110,9
17641763,101727220,722,,1972,BILL SUDAKIS,9,75,5
25087393,101727230,723,,1972,AL SANTORINI,8,90,29
24337640,101727240,724,,1972,A.L. ROOKIES,8,141,76
14965090,101727250,725,,1972,DICK MCAULIFFE,8,206,98
21311353,101727260,726,,1972,DICK SELMA,9,102,22
17641773,101727270,727,,1972,JOSE LABOY,9,106,16
25598151,101727280,728,,1972,GAIL HOPKINS,8,148,37
19603479,101727290,729,,1972,BOB VEALE,9,128,11
11639627,101727300,730,,1972,RICK MONDAY,8,124,38
25520765,101727310,731,,1972,ORIOLES TEAM,9,128,25
11667749,101727320,732,,1972,GEORGE CULVER,9,87,15
30126433,101727330,733,,1972,JIM HART,9,67,5
23279992,101727340,734,,1972,BOB BURDA,8,106,33
1787590,101727350,735,,1972,DIEGO SEGUI,9,103,17
11116861,101727360,736,,1972,BILL RUSSELL,8,216,160
31141888,101727370,737,,1972,LENNY RANDLE,8,106,26
25520750,101727380,738,,1972,JIM MERRITT,8,162,122
24193409,101727390,739,,1972,DON MASON,9,104,8
90290557,101727400,740,,1972,RICO CARTY,8,137,42
25520761,101727410,741,,1972,AL-NL ROOKIE STARS,9,141,11
20968473,101727420,742,,1972,JIM ROOKER,9,94,13
12395147,101727430,743,,1972,CESAR GUTIERREZ,9,132,31
30967108,101727440,744,,1972,JIM SLATON,9,93,16
20680124,101727450,745,,1972,JULIAN JAVIER,8,146,78
25520760,101727460,746,,1972,LOWELL PALMER,8,117,89
19451647,101727470,747,,1972,JIM STEWART,8,145,78
19606446,101727480,748,,1972,PHIL HENNIGAN,8,154,101
31335766,101727490,749,,1972,WALTER ALSTON,8,278,90
1736230,101727500,750,,1972,WILLIE HORTON,8,159,103
16325994,101727510,751,,1972,STEVE CARLTON TR,8,480,126
25463964,101727520,752,,1972,JOE MORGAN TR,8,277,49
6058980,101727530,753,,1972,DENNY MCLAIN TR,9,60,8
25520763,101727540,754,,1972,FRANK ROBINSON TR,9,101,5
10293346,101727550,755,,1972,JIM FREGOSI TR,8,173,56
30221305,101727560,756,,1972,RICK WISE TR,8,138,82
4545362,101727570,757,,1972,JOSE CARDENAL TR,8,108,29
21750107,101727580,758,,1972,GIL GARRIDO,8,97,38
24465438,101727590,759,,1972,CHRIS CANNIZZARO,9,74,6
30218552,101727600,760,,1972,BILL MAZEROSKI,8,221,97
25339768,101727610,761,,1972,MAJOR LEAGUE ROOKIES,8,304,121
90230264,101727620,762,,1972,WAYNE SIMPSON,9,103,6
16826773,101727630,763,,1972,RON HANSEN,8,139,45
14644475,101727640,764,,1972,DUSTY BAKER,8,238,56
40141250,101727650,765,,1972,KEN MCMULLEN,9,72,12
23808226,101727660,766,,1972,STEVE HAMILTON,8,108,28
24355127,101727670,767,,1972,TOM MCCRAW,8,128,52
14854643,101727680,768,,1972,DENNY DOYLE,8,167,90
25520757,101727690,769,,1972,JACK AKER,9,117,12
16288269,101727700,770,,1972,JIM WYNN,8,117,49
25520764,101727710,771,,1972,GIANTS TEAM,8,284,199
16573406,101727720,772,,1972,KEN TATUM,9,117,21
21691748,101727730,773,,1972,RON BRAND,9,91,14
21639201,101727740,774,,1972,LUIS ALVARADO,9,105,12
24802163,101727750,775,,1972,JERRY REUSS,9,85,10
20219280,101727760,776,,1972,BILL VOSS,8,145,48
28531778,101727770,777,,1972,HOYT WILHELM,9,179,22
23811291,101727780,778,,1972,1972 ROOKIE STARS,8,225,76
18560616,101727790,779,,1972,TONY CLONINGER,9,64,7
6501985,101727800,780,,1972,DICK GREEN,9,118,18
16286560,101727810,781,,1972,JIM MCANDREW,8,154,97
23331345,101727820,782,,1972,LARRY STAHL,8,96,43
19604567,101727830,783,,1972,LES CAIN,9,137,17
11213223,101727840,784,,1972,KEN ASPROMONTE,8,101,58
22708219,101727850,785,,1972,VIC DAVALILLO,8,129,61
25192258,101727860,786,,1972,CHUCK BRINKMAN,8,101,43
24583994,101727870,787,,1972,RON REED,8,132,47
